{
    "border": "normal",
    "floating": "auto_off",
    "layout": "splith",
    "percent": 0.5,
    "type": "con",
    "nodes": [
        {
            "border": "normal",
            "current_border_width": 5,
            "floating": "auto_off",
            "geometry": {
               "height": 460,
               "width": 804,
               "x": 0,
               "y": 0
            },
            "name": "ncmpcpp 0.6.7",
            "percent": 0.5,
            "swallows": [
               {
               "class": "^URxvt$",
               "instance": "^urxvt$"
               }
            ],
            "type": "con"
        },
        {
            "border": "normal",
            "current_border_width": 5,
            "floating": "auto_off",
            "geometry": {
               "height": 460,
               "width": 804,
               "x": 0,
               "y": 0
            },
            "name": "urxvt",
            "percent": 0.5,
            "swallows": [
               {
               "class": "^URxvt$",
               "instance": "^urxvt$"
               }
            ],
            "type": "con"
        }
    ]
}

{
    "border": "normal",
    "floating": "auto_off",
    "layout": "splith",
    "percent": 0.5,
    "type": "con",
    "nodes": [
        {
            "border": "normal",
            "current_border_width": 5,
            "floating": "auto_off",
            "geometry": {
               "height": 460,
               "width": 804,
               "x": 0,
               "y": 0
            },
            "name": "urxvt",
            "percent": 0.5,
            "swallows": [
               {
               "class": "^URxvt$",
               "instance": "^urxvt$"
               }
            ],
            "type": "con"
        },
        {
            "border": "normal",
            "current_border_width": 5,
            "floating": "auto_off",
            "geometry": {
               "height": 460,
               "width": 804,
               "x": 0,
               "y": 0
            },
            "name": "urxvt",
            "percent": 0.5,
            "swallows": [
               {
               "class": "^URxvt$",
               "instance": "^urxvt$"
               }
            ],
            "type": "con"
        }
    ]
}

